Subject,Start Date,Start Time,End Date,End Time,Description,Location,All Day Event
Breakfast - Day 1,2026-09-01,07:15,2026-09-01,09:00,Multi Grain Dosa (2 Pcs Thin) | Pav Bhaji | Coconut Chutney | Mint Chutney | White Bread+Butter+Jam | Sprouts (1 small cup) | Scrambled Egg | Tea | Coffee | Milk,,False
Lunch - Day 1,2026-09-01,12:30,2026-09-01,14:00,Carrot & Cucumber Salad | Roti | White Rice | Amaranthus Dal | Beetroot Tomato Rasam | Bisbele Bath | Kakarakaya (Bitter Gourd) Fry | Rajma Masala | Potato Chips | Dahi Vada | Dosakaya Tomato Chutney | Ghee + Podi,,False
Snacks - Day 1,2026-09-01,16:45,2026-09-01,18:00,Aloo Samosa 1 Big Pc | Tomato Sauce | Ginger Tea | Coffee | Milk,,False
Dinner - Day 1,2026-09-01,19:30,2026-09-01,21:00,Beetroot & Carrot Salad | Pulka | White Rice | Dal Makhani | Sambar | Mushroom Biryani | Snake Gourd Poriyal | Aloo Mutter Curry | Thick Curd | Guava Fruit | Tomato Pickle | Milk + Cofee Powder,,False
Breakfast - Day 2,2026-09-02,07:15,2026-09-02,09:00,"Methu Vada (Big size 3pcs, if not 4pcs) | Moong Dal Palak Tepla (Hand Made) 2 Pcs | Sambar | Tomato Chutney | Brown Bread+Butter+Jam | Sprouts (1 small cup) | Boiled Egg | Tea | Coffee | Milk",,False
Lunch - Day 2,2026-09-02,12:30,2026-09-02,14:00,Onions & Lemon Salad | Palak Roti | White Rice | Gongura (Sorrel Leaves) Dal | Sambar | Vegetable Dum Pulav | Masala Fish Fry / Andhra Chicken Fry | Kaju Tomato Paneer Boiled Fry | Black Chana Masala | Trinagle Fryums | Butter Milk | Coriander + Tomato Chutney | Gulab Jamun,,False
Snacks - Day 2,2026-09-02,16:45,2026-09-02,18:00,Corn Vada | Onion Tomato Chutney | Masala Tea | Coffee | Milk,,False
Dinner - Day 2,2026-09-02,19:30,2026-09-02,21:00,"Beetroot & Carrot Salad | Chapathi | White Rice | Tomato Dal | Rasam | Sooji Upma, Coconut Chutney | Carrot Beans Poriyal | Soya Chunks Masala | Thick Curd | Fruit Custard with Pine apple | Lemon Pickle | Milk + Cofee Powder",,False
Breakfast - Day 3,2026-09-03,07:15,2026-09-03,09:00,Poori (3 Pcs standard size) | Lemon Sevai | Aloo Mutter Curry | Coconut Chutney | White Bread+Butter+Jam | Sprouts (1 small cup) | Masala Onion Omlet | Tea | Coffee | Milk,,False
Lunch - Day 3,2026-09-03,12:30,2026-09-03,14:00,Carrot & Cucumber Salad | Pulka | White Rice | Ridge Gourd Dal | Sambar | Pudina Rice | Guthi Vankaya Curry | Cluster Beans Masala | Finger Fryums | Lemon Water + Sabja Seeds | Potlakaya Perugu Chutney | Ghee + Podi,,False
Snacks - Day 3,2026-09-03,16:45,2026-09-03,18:00,Poha Cutlet | Mint Sauce | Ginger Tea | Coffee | Milk,,False
Dinner - Day 3,2026-09-03,19:30,2026-09-03,21:00,"Beetroot & Carrot Salad | Roti | White Rice | Dal Maharani | Beetroot Tomato Rasam | Veg Manchuria, Noodles, Tomato Sauce | Arbi Ka Gravy | Rasam | Thick Curd | Banana | Ginger Pickle | Milk + Cofee Powder",,False
Breakfast - Day 4,2026-09-04,07:15,2026-09-04,09:00,Uggani + Mirchi Bajji | Methi Roti or Methi Chapathi (Hand made) 2 Pcs | Coconut Chutney | Green Peas + Tomato Sabji | Brown Bread+Butter+Jam | Sprouts (1 small cup) | Boiled Egg | Tea | Coffee | Milk,,False
Lunch - Day 4,2026-09-04,12:30,2026-09-04,14:00,Beetroot & Cucumber Salad | Chapathi | White Rice | Dal Tadka | Rasam | Jeera Rice | Raw Banana Fry | Aloo Gobhi Masala | Papad | Lassi | Beerakaya Chutney | Semiya Payasam,,False
Snacks - Day 4,2026-09-04,16:45,2026-09-04,18:00,Raw Banana Bhajji | Coconut Coriander Chutney | Masala Tea | Coffee | Milk,,False
Dinner - Day 4,2026-09-04,19:30,2026-09-04,21:00,Onions & Lemon Salad | Lacha Paratha | White Rice | Pesara Pappu | Sambar | Dhaba Style Chicken Curry (Non-Veg) | Paneer Butter Masala (Veg) | Tomato Peas Capsicum Masala | Thick Curd | (Watermelon + Muskmelon + Papaya) Cut Fruit | Mango Pickle | Milk + Cofee Powder,,False
Breakfast - Day 5,2026-09-05,07:15,2026-09-05,09:00,Onion & Carrot Utappam | Vegetable Poha | Peanut Chutney | Tomato Chutney | White Bread+Butter+Jam | Sprouts (1 small cup) | Boiled Egg | Tea | Coffee | Milk,,False
Lunch - Day 5,2026-09-05,12:30,2026-09-05,14:00,Carrot & Cucumber Salad | Pulka | White Rice | Mudda Pappu | Beetroot Tomato Rasam | Pulihora (Tamarind Rice) | Dondakaya Stir Fry | Chole Soya Chunks Curry | Papad | Majiga Pulusu | Avakaya (Mango Pickle) | Ghee + Podi,,False
Snacks - Day 5,2026-09-05,16:45,2026-09-05,18:00,Punugulu 10 Pcs Std Size | Groundnut/Coconut Chutney | Ginger Tea | Coffee | Milk,,False
Dinner - Day 5,2026-09-05,19:30,2026-09-05,21:00,"Beetroot & Carrot Salad | Roti | White Rice | Mango Dal | Bachali Kura Pulusu (Malabar Spinach) | Set Dosa -2 Pcs, Coconut Chutney | Cabbage Beans Poriyal | Tomato Baingan Masala | Thick Curd | Muskmelon Cut Fruit | Red Chilli Pickle | Milk + Cofee Powder",,False
Breakfast - Day 6,2026-09-06,07:15,2026-09-06,09:00,"Shavige Bath | Paneer Paratha - 2 Pcs Thin | Coconut Chutney | Thick Curd, Mango Pickle | Brown Bread+Butter+Jam | Sprouts (1 small cup) | Egg Bhurji | Tea | Coffee | Milk",,False
Lunch - Day 6,2026-09-06,12:30,2026-09-06,14:00,Beetroot & Cucumber Salad | Chapathi | White Rice | Dal Fry | Chicken Dum Biryani/Paneer Dum Biryani | Chicken Thick Gravy / Hyderabadi Mirchi Ka Salan | Onion Raitha | Fryums | Nannari Sharbath | Fresh Gongura Chutney | Vanilla Ice Cream (Not Frozen Dessert),,False
Snacks - Day 6,2026-09-06,16:45,2026-09-06,18:00,Dahi Puri (8 Pcs) | Onions | Masala Tea | Coffee | Milk,,False
Dinner - Day 6,2026-09-06,19:30,2026-09-06,21:00,"Beetroot & Carrot Salad | Pulka | White Rice | Pesara Pappu | Rasam | Ragi Dosa, Tomato Chutney | Dondakaya Fry | Vegetable Kurma Gravy | Thick Curd | Papaya Cut Fruit | Tomato Pickle | Milk + Cofee Powder",,False
Breakfast - Day 7,2026-09-07,07:15,2026-09-07,09:00,"Carrot Idly | Bhature - 2 Pcs Big | Groundnut Chutney, Sambar | Chole Curry | Brown Bread+Butter+Jam | Sprouts (1 small cup) | Egg Bhurji | Tea | Coffee | Milk",,False
Lunch - Day 7,2026-09-07,12:30,2026-09-07,14:00,"Beetroot & Cucumber Salad | Chapathi | White Rice | Palak Dal | Sambar | Tomato Rice | Pesara Punugulu Curry (Pakka Andhra Style) | Drumstick Tomato Masala | Rava Vadiyalu | Butter Milk | Sorakaya Perugu Chutney, Ghee + Podi | Jilebi | Ghee + Podi",,False
Snacks - Day 7,2026-09-07,16:45,2026-09-07,18:00,Dry Maggi | Tomato Sauce | Masala Tea | Coffee | Milk,,False
Dinner - Day 7,2026-09-07,19:30,2026-09-07,21:00,Onions & Lemon Salad | Methi Roti | White Rice | Pesara Pappu | Tomato Rasam | Bhagara Rice | Telangana Chicken Curry (Non-Veg) | Achari Paneer (Veg) | Ladies Finger Boiled Fry | Thick Curd | Mixed Fruit Salad | Gongura Pickle | Milk + Cofee Powder,,False
Breakfast - Day 8,2026-09-08,07:15,2026-09-08,09:00,Onion Dosa - 2 Pcs Std Size | Vada Pav | Coconut Chutney | Mint Chutney | Brown Bread+Butter+Jam | Sprouts (1 small cup) | Boiled Egg | Tea | Coffee | Milk,,False
Lunch - Day 8,2026-09-08,12:30,2026-09-08,14:00,Carrot & Cucumber Salad | Roti | White Rice | Amaranthus Dal | Beetroot Tomato Rasam | Bisbele Bath | Kakarakaya (Bitter Gourd) Fry | Rajma Masala | Potato Chips | Dahi Vada | Dosakaya Tomato Chutney | Ghee + Podi,,False
Snacks - Day 8,2026-09-08,16:45,2026-09-08,18:00,Kachori 1 Big Pc | Tomato Sauce | Masala Tea | Coffee | Milk,,False
Dinner - Day 8,2026-09-08,19:30,2026-09-08,21:00,Beetroot & Carrot Salad | Pulka | White Rice | Dal Makhani | Sambar | Mushroom Biryani | Snake Gourd Poriyal | Aloo Mutter Curry | Thick Curd | Guava Fruit | Tomato Pickle | Milk + Cofee Powder,,False
Breakfast - Day 9,2026-09-09,07:15,2026-09-09,09:00,"Onion Rava Bonda (Big size 3pcs, if not 4pcs) | Cucumber Poha | Sambar | Coconut Chutney | White Bread+Butter+Jam | Sprouts (1 small cup) | Masala Onion Omlet | Tea | Coffee | Milk",,False
Lunch - Day 9,2026-09-09,12:30,2026-09-09,14:00,Onions & Lemon Salad | Palak Roti | White Rice | Gongura (Sorrel Leaves) Dal | Pachi Pulusu | Special Rice | Boiled Stir Fry Chicken Masala (Dry) | Boiled Stir Fry Paneer Masala (Dry) | Vegetable Jalfrezi | Chips/Fryums/Papad | Lemon Water + Sabja Seeds | Fresh Vegetable Chutney | Badusha,,False
Snacks - Day 9,2026-09-09,16:45,2026-09-09,18:00,Onion Soft Pakoda | Tomato Chutney | Ginger Tea | Coffee | Milk,,False
Dinner - Day 9,2026-09-09,19:30,2026-09-09,21:00,"Beetroot & Carrot Salad | Chapathi | White Rice | Tomato Dal | Rasam | Broken Wheat Rava Upma, Coconut Chutney | Carrot Beans Poriyal | Arbi Ka Gravy | Thick Curd | Fruit Custard with mixed fruits | Lemon Pickle | Milk + Cofee Powder",,False
Breakfast - Day 10,2026-09-10,07:15,2026-09-10,09:00,Poori (3 pcs standard size) | Tomato Suji Upma | Aloo Basin Chutney | Peanut Chutney | Brown Bread+Butter+Jam | Sprouts (1 small cup) | Egg Bhurji (Non-Veg) | Tea | Coffee | Milk,,False
Lunch - Day 10,2026-09-10,12:30,2026-09-10,14:00,Carrot & Cucumber Salad | Pulka | White Rice | Ridge Gourd Dal | Sambar | Pudina Rice | Guthi Vankaya Curry | Kala Chana Masala | Finger Fryums | Lemon Water + Sabja Seeds | Potlakaya Perugu Chutney | Ghee + Podi,,False
Snacks - Day 10,2026-09-10,16:45,2026-09-10,18:00,Sambar Vada 2 Pcs | Masala Tea/Coffee/Milk,,False
Dinner - Day 10,2026-09-10,19:30,2026-09-10,21:00,"Beetroot & Carrot Salad | Roti | White Rice | Dal Fry | Beetroot Tomato Rasam | Gobhi Manchuria, Noodles, Tomato Sauce | Rajma Masala | Rasam | Thick Curd | Banana | Ginger Pickle | Milk + Cofee Powder",,False
Breakfast - Day 11,2026-09-11,07:15,2026-09-11,09:00,Uggani + Mirchi Bajji | Pudina Chapathi (Hand Made) 2 Pcs | Dal Chutney | Aloo Mutter Curry | White Bread+Butter+Jam | Sprouts (1 small cup) | Boiled Egg | Tea | Coffee | Milk,,False
Lunch - Day 11,2026-09-11,12:30,2026-09-11,14:00,Beetroot & Cucumber Salad | Chapathi | White Rice | Dal Tadka | Rasam | Jeera Rice | Raw Banana Fry | Lobia Masala (Cowpeas in Onion Tomato Gravy) | Papad | Lassi | Beerakaya Chutney | Poornalu,,False
Snacks - Day 11,2026-09-11,16:45,2026-09-11,18:00,Vada Pav 2 Pcs | Mint Sauce | Ginger Tea | Coffee | Milk,,False
Dinner - Day 11,2026-09-11,19:30,2026-09-11,21:00,Onions & Lemon Salad | Missi Roti | White Rice | Dal | Sambar | Kadai Chicken (Non-Veg) | Kadai Paneer (Veg) | Amritsari Chole | Thick Curd | (Watermelon + Muskmelon + Papaya) Cut Fruit | Fresh Vegetable Chutney/Pickle | Milk + Cofee Powder,,False
Breakfast - Day 12,2026-09-12,07:15,2026-09-12,09:00,Masala Ghee Roast Dosa 2 Pcs Std Size | Vegetable Moon Dal Kitchidi | Groundnut Chutney | Sambar | Brown Bread+Butter+Jam | Sprouts (1 small cup) | Scrambled Egg | Tea | Coffee | Milk,,False
Lunch - Day 12,2026-09-12,12:30,2026-09-12,14:00,Carrot & Cucumber Salad | Pulka | White Rice | Mudda Pappu | Beetroot Tomato Rasam | Pulihora (Tamarind Rice) | Cauli Flower Fry | Chole Soya Chunks Curry | Papad | Majiga Pulusu | Avakaya (Mango Pickle) | Ghee + Podi,,False
Snacks - Day 12,2026-09-12,16:45,2026-09-12,18:00,Mysore Bonda 2 Pcs Std Size | Coconut Chutney | Masala Tea | Coffee | Milk,,False
Dinner - Day 12,2026-09-12,19:30,2026-09-12,21:00,"Beetroot & Carrot Salad | Roti | White Rice | Mango Dal | Bachali Kura Pulusu (Malabar Spinach) | Podi Onion Dosa -2 Pcs, Dal Chutney | Cabbage Beans Poriyal | Tomato Baingan Masala | Thick Curd | Muskmelon Cut Fruit | Red Chilli Pickle | Milk + Cofee Powder",,False
Breakfast - Day 13,2026-09-13,07:15,2026-09-13,09:00,"Coconut Sevai | Aloo Paratha (2 Pcs Thin) | Onion Tomato Chutney | Thick Curd, Mango Pickle | White Bread+Butter+Jam | Sprouts (1 small cup) | Egg Bhurji | Tea | Coffee | Milk",,False
Lunch - Day 13,2026-09-13,12:30,2026-09-13,14:00,Beetroot & Cucumber Salad | Chapathi | White Rice | Dal Makhani | Chicken Dum Biryani/Paneer Dum Biryani | Chicken Thick Gravy / Hyderabadi Mirchi Ka Salan | Onion Raitha | Fryums | Nannari Sharbath | Fresh Gongura Chutney | Kulfi (Not Frozen Dessert),,False
Snacks - Day 13,2026-09-13,16:45,2026-09-13,18:00,Pani Puri (8 Pcs) | Onions | Ginger Tea | Coffee | Milk,,False
Dinner - Day 13,2026-09-13,19:30,2026-09-13,21:00,"Beetroot & Carrot Salad | Pulka | White Rice | Pesara Pappu | Rasam | Ragi Rava Upma, Coconut Chutney | Dondakaya Fry | Vegetable Kolhapuri | Thick Curd | Papaya Cut Fruit | Tomato Pickle | Milk + Cofee Powder",,False
Breakfast - Day 14,2026-09-14,07:15,2026-09-14,09:00,Konaseema Pottikkalu (14) / Idly Upma (28) | Poori - 3 Pcs Big | Coconut Chutney | Chole Curry | White Bread+Butter+Jam | Sprouts (1 small cup) | Scrambled Egg | Tea | Coffee | Milk,,False
Lunch - Day 14,2026-09-14,12:30,2026-09-14,14:00,"Beetroot & Cucumber Salad | Chapathi | White Rice | Palak Dal | Sambar | Tomato Rice | Potato Fry (Andha Style) | Drumstick Tomato Masala | Rava Vadiyalu | Butter Milk | Sorakaya Perugu Chutney, Ghee + Podi | Sweet Boondi | Ghee + Podi",,False
Snacks - Day 14,2026-09-14,16:45,2026-09-14,18:00,Sweet Corn Masala | Tomato/Mint Sauce | Ginger Tea | Coffee | Milk,,False
Dinner - Day 14,2026-09-14,19:30,2026-09-14,21:00,Onions & Lemon Salad | Methi Roti | White Rice | Pesara Pappu | Tomato Rasam | Bhagara Rice | Chettinad Chicken Curry (Non-Veg) | Paneer Pepper Fry(Veg) | Bhindi Masala | Thick Curd | Mixed Fruit Salad | Gongura Pickle | Milk + Cofee Powder,,False
Breakfast - Day 15,2026-09-15,07:15,2026-09-15,09:00,Multi Grain Dosa (2 Pcs Thin) | Pav Bhaji | Coconut Chutney | Mint Chutney | White Bread+Butter+Jam | Sprouts (1 small cup) | Scrambled Egg | Tea | Coffee | Milk,,False
Lunch - Day 15,2026-09-15,12:30,2026-09-15,14:00,Carrot & Cucumber Salad | Roti | White Rice | Amaranthus Dal | Beetroot Tomato Rasam | Bisbele Bath | Kakarakaya (Bitter Gourd) Fry | Rajma Masala | Potato Chips | Dahi Vada | Dosakaya Tomato Chutney | Ghee + Podi,,False
Snacks - Day 15,2026-09-15,16:45,2026-09-15,18:00,Aloo Samosa 1 Big Pc | Tomato Sauce | Ginger Tea | Coffee | Milk,,False
Dinner - Day 15,2026-09-15,19:30,2026-09-15,21:00,Beetroot & Carrot Salad | Pulka | White Rice | Dal Makhani | Sambar | Mushroom Biryani | Snake Gourd Poriyal | Aloo Mutter Curry | Thick Curd | Guava Fruit | Tomato Pickle | Milk + Cofee Powder,,False
Breakfast - Day 16,2026-09-16,07:15,2026-09-16,09:00,"Methu Vada (Big size 3pcs, if not 4pcs) | Moong Dal Palak Tepla (Hand Made) 2 Pcs | Sambar | Tomato Chutney | Brown Bread+Butter+Jam | Sprouts (1 small cup) | Boiled Egg | Tea | Coffee | Milk",,False
Lunch - Day 16,2026-09-16,12:30,2026-09-16,14:00,Onions & Lemon Salad | Palak Roti | White Rice | Gongura (Sorrel Leaves) Dal | Sambar | Vegetable Dum Pulav | Masala Fish Fry / Andhra Chicken Fry | Kaju Tomato Paneer Boiled Fry | Black Chana Masala | Trinagle Fryums | Butter Milk | Coriander + Tomato Chutney | Gulab Jamun,,False
Snacks - Day 16,2026-09-16,16:45,2026-09-16,18:00,Corn Vada | Onion Tomato Chutney | Masala Tea | Coffee | Milk,,False
Dinner - Day 16,2026-09-16,19:30,2026-09-16,21:00,"Beetroot & Carrot Salad | Chapathi | White Rice | Tomato Dal | Rasam | Sooji Upma, Coconut Chutney | Carrot Beans Poriyal | Soya Chunks Masala | Thick Curd | Fruit Custard with Pine apple | Lemon Pickle | Milk + Cofee Powder",,False
Breakfast - Day 17,2026-09-17,07:15,2026-09-17,09:00,Poori (3 Pcs standard size) | Lemon Sevai | Aloo Mutter Curry | Coconut Chutney | White Bread+Butter+Jam | Sprouts (1 small cup) | Masala Onion Omlet | Tea | Coffee | Milk,,False
Lunch - Day 17,2026-09-17,12:30,2026-09-17,14:00,Carrot & Cucumber Salad | Pulka | White Rice | Ridge Gourd Dal | Sambar | Pudina Rice | Guthi Vankaya Curry | Cluster Beans Masala | Finger Fryums | Lemon Water + Sabja Seeds | Potlakaya Perugu Chutney | Ghee + Podi,,False
Snacks - Day 17,2026-09-17,16:45,2026-09-17,18:00,Poha Cutlet | Mint Sauce | Ginger Tea | Coffee | Milk,,False
Dinner - Day 17,2026-09-17,19:30,2026-09-17,21:00,"Beetroot & Carrot Salad | Roti | White Rice | Dal Maharani | Beetroot Tomato Rasam | Veg Manchuria, Noodles, Tomato Sauce | Arbi Ka Gravy | Rasam | Thick Curd | Banana | Ginger Pickle | Milk + Cofee Powder",,False
Breakfast - Day 18,2026-09-18,07:15,2026-09-18,09:00,Uggani + Mirchi Bajji | Methi Roti or Methi Chapathi (Hand made) 2 Pcs | Coconut Chutney | Green Peas + Tomato Sabji | Brown Bread+Butter+Jam | Sprouts (1 small cup) | Boiled Egg | Tea | Coffee | Milk,,False
Lunch - Day 18,2026-09-18,12:30,2026-09-18,14:00,Beetroot & Cucumber Salad | Chapathi | White Rice | Dal Tadka | Rasam | Jeera Rice | Raw Banana Fry | Aloo Gobhi Masala | Papad | Lassi | Beerakaya Chutney | Semiya Payasam,,False
Snacks - Day 18,2026-09-18,16:45,2026-09-18,18:00,Raw Banana Bhajji | Coconut Coriander Chutney | Masala Tea | Coffee | Milk,,False
Dinner - Day 18,2026-09-18,19:30,2026-09-18,21:00,Onions & Lemon Salad | Lacha Paratha | White Rice | Pesara Pappu | Sambar | Dhaba Style Chicken Curry (Non-Veg) | Paneer Butter Masala (Veg) | Tomato Peas Capsicum Masala | Thick Curd | (Watermelon + Muskmelon + Papaya) Cut Fruit | Mango Pickle | Milk + Cofee Powder,,False
Breakfast - Day 19,2026-09-19,07:15,2026-09-19,09:00,Onion & Carrot Utappam | Vegetable Poha | Peanut Chutney | Tomato Chutney | White Bread+Butter+Jam | Sprouts (1 small cup) | Boiled Egg | Tea | Coffee | Milk,,False
Lunch - Day 19,2026-09-19,12:30,2026-09-19,14:00,Carrot & Cucumber Salad | Pulka | White Rice | Mudda Pappu | Beetroot Tomato Rasam | Pulihora (Tamarind Rice) | Dondakaya Stir Fry | Chole Soya Chunks Curry | Papad | Majiga Pulusu | Avakaya (Mango Pickle) | Ghee + Podi,,False
Snacks - Day 19,2026-09-19,16:45,2026-09-19,18:00,Punugulu 10 Pcs Std Size | Groundnut/Coconut Chutney | Ginger Tea | Coffee | Milk,,False
Dinner - Day 19,2026-09-19,19:30,2026-09-19,21:00,"Beetroot & Carrot Salad | Roti | White Rice | Mango Dal | Bachali Kura Pulusu (Malabar Spinach) | Set Dosa -2 Pcs, Coconut Chutney | Cabbage Beans Poriyal | Tomato Baingan Masala | Thick Curd | Muskmelon Cut Fruit | Red Chilli Pickle | Milk + Cofee Powder",,False
Breakfast - Day 20,2026-09-20,07:15,2026-09-20,09:00,"Shavige Bath | Paneer Paratha - 2 Pcs Thin | Coconut Chutney | Thick Curd, Mango Pickle | Brown Bread+Butter+Jam | Sprouts (1 small cup) | Egg Bhurji | Tea | Coffee | Milk",,False
Lunch - Day 20,2026-09-20,12:30,2026-09-20,14:00,Beetroot & Cucumber Salad | Chapathi | White Rice | Dal Fry | Chicken Dum Biryani/Paneer Dum Biryani | Chicken Thick Gravy / Hyderabadi Mirchi Ka Salan | Onion Raitha | Fryums | Nannari Sharbath | Fresh Gongura Chutney | Vanilla Ice Cream (Not Frozen Dessert),,False
Snacks - Day 20,2026-09-20,16:45,2026-09-20,18:00,Dahi Puri (8 Pcs) | Onions | Masala Tea | Coffee | Milk,,False
Dinner - Day 20,2026-09-20,19:30,2026-09-20,21:00,"Beetroot & Carrot Salad | Pulka | White Rice | Pesara Pappu | Rasam | Ragi Dosa, Tomato Chutney | Dondakaya Fry | Vegetable Kurma Gravy | Thick Curd | Papaya Cut Fruit | Tomato Pickle | Milk + Cofee Powder",,False
Breakfast - Day 21,2026-09-21,07:15,2026-09-21,09:00,"Carrot Idly | Bhature - 2 Pcs Big | Groundnut Chutney, Sambar | Chole Curry | Brown Bread+Butter+Jam | Sprouts (1 small cup) | Egg Bhurji | Tea | Coffee | Milk",,False
Lunch - Day 21,2026-09-21,12:30,2026-09-21,14:00,"Beetroot & Cucumber Salad | Chapathi | White Rice | Palak Dal | Sambar | Tomato Rice | Pesara Punugulu Curry (Pakka Andhra Style) | Drumstick Tomato Masala | Rava Vadiyalu | Butter Milk | Sorakaya Perugu Chutney, Ghee + Podi | Jilebi | Ghee + Podi",,False
Snacks - Day 21,2026-09-21,16:45,2026-09-21,18:00,Dry Maggi | Tomato Sauce | Masala Tea | Coffee | Milk,,False
Dinner - Day 21,2026-09-21,19:30,2026-09-21,21:00,Onions & Lemon Salad | Methi Roti | White Rice | Pesara Pappu | Tomato Rasam | Bhagara Rice | Telangana Chicken Curry (Non-Veg) | Achari Paneer (Veg) | Ladies Finger Boiled Fry | Thick Curd | Mixed Fruit Salad | Gongura Pickle | Milk + Cofee Powder,,False
Breakfast - Day 22,2026-09-22,07:15,2026-09-22,09:00,Onion Dosa - 2 Pcs Std Size | Vada Pav | Coconut Chutney | Mint Chutney | Brown Bread+Butter+Jam | Sprouts (1 small cup) | Boiled Egg | Tea | Coffee | Milk,,False
Lunch - Day 22,2026-09-22,12:30,2026-09-22,14:00,Carrot & Cucumber Salad | Roti | White Rice | Amaranthus Dal | Beetroot Tomato Rasam | Bisbele Bath | Kakarakaya (Bitter Gourd) Fry | Rajma Masala | Potato Chips | Dahi Vada | Dosakaya Tomato Chutney | Ghee + Podi,,False
Snacks - Day 22,2026-09-22,16:45,2026-09-22,18:00,Kachori 1 Big Pc | Tomato Sauce | Masala Tea | Coffee | Milk,,False
Dinner - Day 22,2026-09-22,19:30,2026-09-22,21:00,Beetroot & Carrot Salad | Pulka | White Rice | Dal Makhani | Sambar | Mushroom Biryani | Snake Gourd Poriyal | Aloo Mutter Curry | Thick Curd | Guava Fruit | Tomato Pickle | Milk + Cofee Powder,,False
Breakfast - Day 23,2026-09-23,07:15,2026-09-23,09:00,"Onion Rava Bonda (Big size 3pcs, if not 4pcs) | Cucumber Poha | Sambar | Coconut Chutney | White Bread+Butter+Jam | Sprouts (1 small cup) | Masala Onion Omlet | Tea | Coffee | Milk",,False
Lunch - Day 23,2026-09-23,12:30,2026-09-23,14:00,Onions & Lemon Salad | Palak Roti | White Rice | Gongura (Sorrel Leaves) Dal | Pachi Pulusu | Special Rice | Boiled Stir Fry Chicken Masala (Dry) | Boiled Stir Fry Paneer Masala (Dry) | Vegetable Jalfrezi | Chips/Fryums/Papad | Lemon Water + Sabja Seeds | Fresh Vegetable Chutney | Badusha,,False
Snacks - Day 23,2026-09-23,16:45,2026-09-23,18:00,Onion Soft Pakoda | Tomato Chutney | Ginger Tea | Coffee | Milk,,False
Dinner - Day 23,2026-09-23,19:30,2026-09-23,21:00,"Beetroot & Carrot Salad | Chapathi | White Rice | Tomato Dal | Rasam | Broken Wheat Rava Upma, Coconut Chutney | Carrot Beans Poriyal | Arbi Ka Gravy | Thick Curd | Fruit Custard with mixed fruits | Lemon Pickle | Milk + Cofee Powder",,False
Breakfast - Day 24,2026-09-24,07:15,2026-09-24,09:00,Poori (3 pcs standard size) | Tomato Suji Upma | Aloo Basin Chutney | Peanut Chutney | Brown Bread+Butter+Jam | Sprouts (1 small cup) | Egg Bhurji (Non-Veg) | Tea | Coffee | Milk,,False
Lunch - Day 24,2026-09-24,12:30,2026-09-24,14:00,Carrot & Cucumber Salad | Pulka | White Rice | Ridge Gourd Dal | Sambar | Pudina Rice | Guthi Vankaya Curry | Kala Chana Masala | Finger Fryums | Lemon Water + Sabja Seeds | Potlakaya Perugu Chutney | Ghee + Podi,,False
Snacks - Day 24,2026-09-24,16:45,2026-09-24,18:00,Sambar Vada 2 Pcs | Masala Tea/Coffee/Milk,,False
Dinner - Day 24,2026-09-24,19:30,2026-09-24,21:00,"Beetroot & Carrot Salad | Roti | White Rice | Dal Fry | Beetroot Tomato Rasam | Gobhi Manchuria, Noodles, Tomato Sauce | Rajma Masala | Rasam | Thick Curd | Banana | Ginger Pickle | Milk + Cofee Powder",,False
Breakfast - Day 25,2026-09-25,07:15,2026-09-25,09:00,Uggani + Mirchi Bajji | Pudina Chapathi (Hand Made) 2 Pcs | Dal Chutney | Aloo Mutter Curry | White Bread+Butter+Jam | Sprouts (1 small cup) | Boiled Egg | Tea | Coffee | Milk,,False
Lunch - Day 25,2026-09-25,12:30,2026-09-25,14:00,Beetroot & Cucumber Salad | Chapathi | White Rice | Dal Tadka | Rasam | Jeera Rice | Raw Banana Fry | Lobia Masala (Cowpeas in Onion Tomato Gravy) | Papad | Lassi | Beerakaya Chutney | Poornalu,,False
Snacks - Day 25,2026-09-25,16:45,2026-09-25,18:00,Vada Pav 2 Pcs | Mint Sauce | Ginger Tea | Coffee | Milk,,False
Dinner - Day 25,2026-09-25,19:30,2026-09-25,21:00,Onions & Lemon Salad | Missi Roti | White Rice | Dal | Sambar | Kadai Chicken (Non-Veg) | Kadai Paneer (Veg) | Amritsari Chole | Thick Curd | (Watermelon + Muskmelon + Papaya) Cut Fruit | Fresh Vegetable Chutney/Pickle | Milk + Cofee Powder,,False
Breakfast - Day 26,2026-09-26,07:15,2026-09-26,09:00,Masala Ghee Roast Dosa 2 Pcs Std Size | Vegetable Moon Dal Kitchidi | Groundnut Chutney | Sambar | Brown Bread+Butter+Jam | Sprouts (1 small cup) | Scrambled Egg | Tea | Coffee | Milk,,False
Lunch - Day 26,2026-09-26,12:30,2026-09-26,14:00,Carrot & Cucumber Salad | Pulka | White Rice | Mudda Pappu | Beetroot Tomato Rasam | Pulihora (Tamarind Rice) | Cauli Flower Fry | Chole Soya Chunks Curry | Papad | Majiga Pulusu | Avakaya (Mango Pickle) | Ghee + Podi,,False
Snacks - Day 26,2026-09-26,16:45,2026-09-26,18:00,Mysore Bonda 2 Pcs Std Size | Coconut Chutney | Masala Tea | Coffee | Milk,,False
Dinner - Day 26,2026-09-26,19:30,2026-09-26,21:00,"Beetroot & Carrot Salad | Roti | White Rice | Mango Dal | Bachali Kura Pulusu (Malabar Spinach) | Podi Onion Dosa -2 Pcs, Dal Chutney | Cabbage Beans Poriyal | Tomato Baingan Masala | Thick Curd | Muskmelon Cut Fruit | Red Chilli Pickle | Milk + Cofee Powder",,False
Breakfast - Day 27,2026-09-27,07:15,2026-09-27,09:00,"Coconut Sevai | Aloo Paratha (2 Pcs Thin) | Onion Tomato Chutney | Thick Curd, Mango Pickle | White Bread+Butter+Jam | Sprouts (1 small cup) | Egg Bhurji | Tea | Coffee | Milk",,False
Lunch - Day 27,2026-09-27,12:30,2026-09-27,14:00,Beetroot & Cucumber Salad | Chapathi | White Rice | Dal Makhani | Chicken Dum Biryani/Paneer Dum Biryani | Chicken Thick Gravy / Hyderabadi Mirchi Ka Salan | Onion Raitha | Fryums | Nannari Sharbath | Fresh Gongura Chutney | Kulfi (Not Frozen Dessert),,False
Snacks - Day 27,2026-09-27,16:45,2026-09-27,18:00,Pani Puri (8 Pcs) | Onions | Ginger Tea | Coffee | Milk,,False
Dinner - Day 27,2026-09-27,19:30,2026-09-27,21:00,"Beetroot & Carrot Salad | Pulka | White Rice | Pesara Pappu | Rasam | Ragi Rava Upma, Coconut Chutney | Dondakaya Fry | Vegetable Kolhapuri | Thick Curd | Papaya Cut Fruit | Tomato Pickle | Milk + Cofee Powder",,False
Breakfast - Day 28,2026-09-28,07:15,2026-09-28,09:00,Konaseema Pottikkalu (14) / Idly Upma (28) | Poori - 3 Pcs Big | Coconut Chutney | Chole Curry | White Bread+Butter+Jam | Sprouts (1 small cup) | Scrambled Egg | Tea | Coffee | Milk,,False
Lunch - Day 28,2026-09-28,12:30,2026-09-28,14:00,"Beetroot & Cucumber Salad | Chapathi | White Rice | Palak Dal | Sambar | Tomato Rice | Potato Fry (Andha Style) | Drumstick Tomato Masala | Rava Vadiyalu | Butter Milk | Sorakaya Perugu Chutney, Ghee + Podi | Sweet Boondi | Ghee + Podi",,False
Snacks - Day 28,2026-09-28,16:45,2026-09-28,18:00,Sweet Corn Masala | Tomato/Mint Sauce | Ginger Tea | Coffee | Milk,,False
Dinner - Day 28,2026-09-28,19:30,2026-09-28,21:00,Onions & Lemon Salad | Methi Roti | White Rice | Pesara Pappu | Tomato Rasam | Bhagara Rice | Chettinad Chicken Curry (Non-Veg) | Paneer Pepper Fry(Veg) | Bhindi Masala | Thick Curd | Mixed Fruit Salad | Gongura Pickle | Milk + Cofee Powder,,False
Breakfast - Day 29,2026-09-29,07:15,2026-09-29,09:00,Multi Grain Dosa (2 Pcs Thin) | Pav Bhaji | Coconut Chutney | Mint Chutney | White Bread+Butter+Jam | Sprouts (1 small cup) | Scrambled Egg | Tea | Coffee | Milk,,False
Lunch - Day 29,2026-09-29,12:30,2026-09-29,14:00,Carrot & Cucumber Salad | Roti | White Rice | Amaranthus Dal | Beetroot Tomato Rasam | Bisbele Bath | Kakarakaya (Bitter Gourd) Fry | Rajma Masala | Potato Chips | Dahi Vada | Dosakaya Tomato Chutney | Ghee + Podi,,False
Snacks - Day 29,2026-09-29,16:45,2026-09-29,18:00,Aloo Samosa 1 Big Pc | Tomato Sauce | Ginger Tea | Coffee | Milk,,False
Dinner - Day 29,2026-09-29,19:30,2026-09-29,21:00,Beetroot & Carrot Salad | Pulka | White Rice | Dal Makhani | Sambar | Mushroom Biryani | Snake Gourd Poriyal | Aloo Mutter Curry | Thick Curd | Guava Fruit | Tomato Pickle | Milk + Cofee Powder,,False
Breakfast - Day 30,2026-09-30,07:15,2026-09-30,09:00,"Methu Vada (Big size 3pcs, if not 4pcs) | Moong Dal Palak Tepla (Hand Made) 2 Pcs | Sambar | Tomato Chutney | Brown Bread+Butter+Jam | Sprouts (1 small cup) | Boiled Egg | Tea | Coffee | Milk",,False
Lunch - Day 30,2026-09-30,12:30,2026-09-30,14:00,Onions & Lemon Salad | Palak Roti | White Rice | Gongura (Sorrel Leaves) Dal | Sambar | Vegetable Dum Pulav | Masala Fish Fry / Andhra Chicken Fry | Kaju Tomato Paneer Boiled Fry | Black Chana Masala | Trinagle Fryums | Butter Milk | Coriander + Tomato Chutney | Gulab Jamun,,False
Snacks - Day 30,2026-09-30,16:45,2026-09-30,18:00,Corn Vada | Onion Tomato Chutney | Masala Tea | Coffee | Milk,,False
Dinner - Day 30,2026-09-30,19:30,2026-09-30,21:00,"Beetroot & Carrot Salad | Chapathi | White Rice | Tomato Dal | Rasam | Sooji Upma, Coconut Chutney | Carrot Beans Poriyal | Soya Chunks Masala | Thick Curd | Fruit Custard with Pine apple | Lemon Pickle | Milk + Cofee Powder",,False
